stage,criterion,bootstrap,max_features,min_samples_leaf,min_samples_split,n_estimators,max_depth,accuracy(%),score_standard_deviation(%),tempo(s)
stage4,gini,False,auto,2,5,100,None,92.88157894736842,2.619323619752303,5.46826434135437
stage4,gini,False,auto,2,10,100,None,92.77850877192982,2.6024530372951133,5.400321960449219
stage4,gini,False,auto,4,5,100,None,92.77850877192982,2.642949666736937,5.012892484664917
stage4,entropy,True,auto,2,5,100,None,92.67543859649123,2.741842036506627,3.323885440826416
stage4,gini,True,auto,2,5,100,None,92.67214912280701,3.392821160657998,3.3804514408111572
stage4,gini,False,auto,4,10,100,None,92.67214912280701,2.9439923702517206,5.076406955718994
stage4,entropy,False,auto,2,10,100,None,92.56798245614036,2.8095811347356316,5.174130916595459
stage4,entropy,False,auto,4,10,100,None,92.46491228070177,2.7748282855820086,5.082547664642334
stage4,gini,True,auto,4,10,100,None,92.36184210526316,2.6595651849343223,3.21189022064209
stage4,entropy,False,auto,4,5,100,None,92.36184210526316,2.6630167123315176,4.995774745941162
stage4,entropy,False,auto,2,5,100,None,92.3607456140351,2.667197952110661,5.275602340698242
stage4,entropy,True,auto,4,5,100,None,92.25657894736842,2.3667950477579835,3.1642301082611084
stage4,entropy,True,auto,4,10,100,None,92.1513157894737,2.3229926848465134,3.1911263465881348
stage4,gini,True,auto,2,10,100,None,92.15131578947367,3.0203101164360553,3.405095338821411
stage4,gini,True,auto,4,5,100,None,92.15131578947367,2.592555138032078,3.1908011436462402
stage4,entropy,True,auto,2,10,100,None,91.94078947368422,3.022264800775737,3.33925199508667
